"rep","or_n"
1,0.03125
2,0.0625
3,0.0625
4,0.1875
5,0.1875
6,0
7,0.03125
8,0
9,0.125
10,0.0625
11,0
12,0.0625
13,0.03125
14,0.03125
15,0
16,0.03125
17,0
18,0
19,0.0625
20,0
21,0.125
22,0.15625
23,0.09375
24,0.0625
25,0.03125
26,0.0625
27,0.03125
28,0.09375
29,0.09375
30,0.03125
31,0.03125
32,0.21875
33,0.03125
34,0.09375
35,0.15625
36,0
37,0
38,0
39,0.125
40,0.125
41,0.09375
42,0.125
43,0
44,0.34375
45,0.03125
46,0
47,0.03125
48,0.09375
49,0.09375
50,0.09375
